--call next value from employee_seq;
values next value for employee_seq;
values next value for employee_seq;
insert into employee (id, emp_nm, emp_cd) values(31, 'John','I0301');
insert into employee (id, emp_nm, emp_cd) values(32, 'Bill','I0302');
insert into employee (id, emp_nm, emp_cd) values(33, 'Tom','I0303');

values next value for shift_date_seq;
values next value for shift_date_seq;
insert into shift_date (id, shift_dte, day_idx, day_of_week) values (31, '07-06-2020', 0, 'Sunday');
insert into shift_date (id, shift_dte, day_idx, day_of_week) values (32, '08-06-2020', 1, 'Monday');
insert into shift_date (id, shift_dte, day_idx, day_of_week) values (33, '09-06-2020', 2, 'Tuesday');
insert into shift_date (id, shift_dte, day_idx, day_of_week) values (34, '10-06-2020', 3, 'Wednesday');
insert into shift_date (id, shift_dte, day_idx, day_of_week) values (35, '11-06-2020', 4, 'Thursday');
insert into shift_date (id, shift_dte, day_idx, day_of_week) values (36, '12-06-2020', 5, 'Friday');
insert into shift_date (id, shift_dte, day_idx, day_of_week) values (37, '13-06-2020', 6, 'Saturday');

insert into shift_date (id, shift_dte, day_idx, day_of_week) values (38, '14-06-2020', 0, 'Sunday');
insert into shift_date (id, shift_dte, day_idx, day_of_week) values (39, '15-06-2020', 1, 'Monday');
insert into shift_date (id, shift_dte, day_idx, day_of_week) values (40, '16-06-2020', 2, 'Tuesday');
insert into shift_date (id, shift_dte, day_idx, day_of_week) values (41, '17-06-2020', 3, 'Wednesday');
insert into shift_date (id, shift_dte, day_idx, day_of_week) values (42, '18-06-2020', 4, 'Thursday');
insert into shift_date (id, shift_dte, day_idx, day_of_week) values (43, '19-06-2020', 5, 'Friday');
insert into shift_date (id, shift_dte, day_idx, day_of_week) values (44, '20-06-2020', 6, 'Saturday');

values next value for shift_type_seq;
values next value for shift_type_seq;
insert into shift_type (id, type_idx, night, type_cd, start_time, end_time) values (31, 1, false, 'E', '6', '14');
insert into shift_type (id, type_idx, night, type_cd, start_time, end_time) values (32, 2, false, 'D', '8:30', '17:30');
insert into shift_type (id, type_idx, night, type_cd, start_time, end_time) values (33, 3, false, 'DH', '68:30', '17:30');
insert into shift_type (id, type_idx, night, type_cd, start_time, end_time) values (34, 4, false, 'L', '14', '22');
insert into shift_type (id, type_idx, night, type_cd, start_time, end_time) values (35, 5, true, 'N', '22', '6');

values next value for skill_seq;
values next value for skill_seq;
insert into skill (id, skill_cd) values (31, 'MT');
insert into skill (id, skill_cd) values (32, 'EM');
insert into skill (id, skill_cd) values (33, 'BA');

insert into shift_type_skill_requirement (shift_type_id, skill_id) values (31, 31);
insert into shift_type_skill_requirement (shift_type_id, skill_id) values (32, 31);
insert into shift_type_skill_requirement (shift_type_id, skill_id) values (32, 32);
insert into shift_type_skill_requirement (shift_type_id, skill_id) values (32, 33);
insert into shift_type_skill_requirement (shift_type_id, skill_id) values (34, 33);
insert into shift_type_skill_requirement (shift_type_id, skill_id) values (35, 31);
insert into shift_type_skill_requirement (shift_type_id, skill_id) values (35, 32);

values next value for shift_seq;
values next value for shift_seq;
values next value for shift_seq;
insert into shift (id, shift_dte_id, shift_type_id, index) values (31, 31, 31, 31);
insert into shift (id, shift_dte_id, shift_type_id, index) values (32, 31, 32, 32);
insert into shift (id, shift_dte_id, shift_type_id, index) values (33, 31, 33, 33);
insert into shift (id, shift_dte_id, shift_type_id, index) values (34, 31, 34, 34);
insert into shift (id, shift_dte_id, shift_type_id, index) values (35, 31, 35, 35);
insert into shift (id, shift_dte_id, shift_type_id, index) values (36, 32, 31, 36);
insert into shift (id, shift_dte_id, shift_type_id, index) values (37, 32, 32, 37);
insert into shift (id, shift_dte_id, shift_type_id, index) values (38, 32, 33, 38);
insert into shift (id, shift_dte_id, shift_type_id, index) values (39, 32, 34, 39);
insert into shift (id, shift_dte_id, shift_type_id, index) values (40, 32, 35, 40);
insert into shift (id, shift_dte_id, shift_type_id, index) values (41, 33, 31, 41);
insert into shift (id, shift_dte_id, shift_type_id, index) values (42, 33, 32, 42);
insert into shift (id, shift_dte_id, shift_type_id, index) values (43, 33, 33, 43);
insert into shift (id, shift_dte_id, shift_type_id, index) values (44, 33, 34, 44);
insert into shift (id, shift_dte_id, shift_type_id, index) values (45, 33, 35, 45);
insert into shift (id, shift_dte_id, shift_type_id, index) values (46, 34, 31, 46);
insert into shift (id, shift_dte_id, shift_type_id, index) values (47, 34, 32, 47);
insert into shift (id, shift_dte_id, shift_type_id, index) values (48, 34, 33, 48);
insert into shift (id, shift_dte_id, shift_type_id, index) values (49, 34, 34, 49);
insert into shift (id, shift_dte_id, shift_type_id, index) values (50, 34, 35, 50);
insert into shift (id, shift_dte_id, shift_type_id, index) values (51, 35, 31, 51);
insert into shift (id, shift_dte_id, shift_type_id, index) values (52, 35, 32, 52);
insert into shift (id, shift_dte_id, shift_type_id, index) values (53, 35, 33, 53);
insert into shift (id, shift_dte_id, shift_type_id, index) values (54, 35, 34, 54);
insert into shift (id, shift_dte_id, shift_type_id, index) values (55, 35, 35, 55);
insert into shift (id, shift_dte_id, shift_type_id, index) values (56, 36, 31, 56);
insert into shift (id, shift_dte_id, shift_type_id, index) values (57, 36, 32, 57);
insert into shift (id, shift_dte_id, shift_type_id, index) values (58, 36, 33, 58);
insert into shift (id, shift_dte_id, shift_type_id, index) values (59, 36, 34, 59);
insert into shift (id, shift_dte_id, shift_type_id, index) values (60, 36, 35, 60);
insert into shift (id, shift_dte_id, shift_type_id, index) values (61, 37, 31, 61);
insert into shift (id, shift_dte_id, shift_type_id, index) values (62, 37, 32, 62);
insert into shift (id, shift_dte_id, shift_type_id, index) values (63, 37, 33, 63);
insert into shift (id, shift_dte_id, shift_type_id, index) values (64, 37, 34, 64);
insert into shift (id, shift_dte_id, shift_type_id, index) values (65, 37, 35, 65);
insert into shift (id, shift_dte_id, shift_type_id, index) values (66, 38, 31, 66);
insert into shift (id, shift_dte_id, shift_type_id, index) values (67, 38, 32, 67);
insert into shift (id, shift_dte_id, shift_type_id, index) values (68, 38, 33, 68);
insert into shift (id, shift_dte_id, shift_type_id, index) values (69, 38, 34, 69);
insert into shift (id, shift_dte_id, shift_type_id, index) values (70, 38, 35, 70);
insert into shift (id, shift_dte_id, shift_type_id, index) values (71, 39, 31, 71);
insert into shift (id, shift_dte_id, shift_type_id, index) values (72, 39, 32, 72);
insert into shift (id, shift_dte_id, shift_type_id, index) values (73, 39, 33, 73);
insert into shift (id, shift_dte_id, shift_type_id, index) values (74, 39, 34, 74);
insert into shift (id, shift_dte_id, shift_type_id, index) values (75, 39, 35, 75);
insert into shift (id, shift_dte_id, shift_type_id, index) values (76, 40, 31, 76);
insert into shift (id, shift_dte_id, shift_type_id, index) values (77, 40, 32, 77);
insert into shift (id, shift_dte_id, shift_type_id, index) values (78, 40, 33, 78);
insert into shift (id, shift_dte_id, shift_type_id, index) values (79, 40, 34, 79);
insert into shift (id, shift_dte_id, shift_type_id, index) values (80, 40, 35, 80);
insert into shift (id, shift_dte_id, shift_type_id, index) values (81, 41, 31, 81);
insert into shift (id, shift_dte_id, shift_type_id, index) values (82, 41, 32, 82);
insert into shift (id, shift_dte_id, shift_type_id, index) values (83, 41, 33, 83);
insert into shift (id, shift_dte_id, shift_type_id, index) values (84, 41, 34, 84);
insert into shift (id, shift_dte_id, shift_type_id, index) values (85, 41, 35, 85);
insert into shift (id, shift_dte_id, shift_type_id, index) values (86, 42, 31, 86);
insert into shift (id, shift_dte_id, shift_type_id, index) values (87, 42, 32, 87);
insert into shift (id, shift_dte_id, shift_type_id, index) values (88, 42, 33, 88);
insert into shift (id, shift_dte_id, shift_type_id, index) values (89, 42, 34, 89);
insert into shift (id, shift_dte_id, shift_type_id, index) values (90, 42, 35, 90);
insert into shift (id, shift_dte_id, shift_type_id, index) values (91, 43, 31, 91);
insert into shift (id, shift_dte_id, shift_type_id, index) values (92, 43, 32, 92);
insert into shift (id, shift_dte_id, shift_type_id, index) values (93, 43, 33, 93);
insert into shift (id, shift_dte_id, shift_type_id, index) values (94, 43, 34, 94);
insert into shift (id, shift_dte_id, shift_type_id, index) values (95, 43, 35, 95);
insert into shift (id, shift_dte_id, shift_type_id, index) values (96, 44, 31, 96);
insert into shift (id, shift_dte_id, shift_type_id, index) values (97, 44, 32, 97);
insert into shift (id, shift_dte_id, shift_type_id, index) values (98, 44, 33, 98);
insert into shift (id, shift_dte_id, shift_type_id, index) values (99, 44, 34, 99);
insert into shift (id, shift_dte_id, shift_type_id, index) values (100, 44, 35, 100);